2026-05-07T19:16:15.259444,f64111c9c641,heartbeat,0.0,0.0
2026-05-07T19:16:17.611464,f64111c9c641,heartbeat,0.0,0.0
2026-05-07T19:16:19.816778,f64111c9c641,heartbeat,0.0,0.0
2026-05-07T19:16:22.071551,f64111c9c641,heartbeat,0.0,0.0
2026-05-07T19:16:24.342643,f64111c9c641,heartbeat,0.0,0.0
2026-05-07T19:16:26.617294,f64111c9c641,heartbeat,0.0,0.0
2026-05-07T19:16:28.851333,f64111c9c641,heartbeat,0.0,0.0
2026-05-07T19:16:31.123117,f64111c9c641,heartbeat,0.0,0.0
2026-05-07T19:16:33.359827,f64111c9c641,heartbeat,0.0,0.0
2026-05-07T19:16:35.632754,f64111c9c641,heartbeat,0.8,0.0
2026-05-07T19:16:37.836470,f64111c9c641,heartbeat,0.0,0.0
2026-05-07T19:16:40.084499,f64111c9c641,heartbeat,0.0,0.0
2026-05-07T19:16:42.320903,f64111c9c641,heartbeat,0.0,0.0
2026-05-07T19:16:44.579430,f64111c9c641,heartbeat,0.0,0.0
2026-05-07T19:16:46.854197,f64111c9c641,heartbeat,0.0,0.0
2026-05-07T19:16:49.070238,f64111c9c641,heartbeat,0.0,0.0
2026-05-07T19:16:51.290012,f64111c9c641,heartbeat,0.0,0.0
2026-05-07T19:16:53.517679,f64111c9c641,heartbeat,0.0,0.0
2026-05-07T19:16:55.780893,f64111c9c641,heartbeat,0.0,0.0
2026-05-07T19:16:58.003320,f64111c9c641,heartbeat,0.0,0.0
2026-05-07T19:17:00.253694,f64111c9c641,heartbeat,0.0,0.0
2026-05-07T19:17:02.460474,f64111c9c641,heartbeat,0.0,0.0
2026-05-07T19:17:04.771705,f64111c9c641,heartbeat,0.0,0.0
2026-05-07T19:17:06.979281,f64111c9c641,heartbeat,0.0,0.0
2026-05-07T19:17:09.246549,f64111c9c641,heartbeat,0.0,0.0
2026-05-07T19:17:11.452471,f64111c9c641,heartbeat,4.9,0.0
2026-05-07T19:17:13.685443,f64111c9c641,heartbeat,5.4,0.0
2026-05-07T19:17:15.898002,f64111c9c641,heartbeat,0.0,0.0
2026-05-07T19:17:18.104957,f64111c9c641,heartbeat,0.0,0.0
2026-05-07T19:17:20.459856,f64111c9c641,heartbeat,0.4,0.0
2026-05-07T19:17:22.694548,f64111c9c641,heartbeat,0.0,0.0
2026-05-07T19:17:24.901867,f64111c9c641,heartbeat,0.0,0.0
2026-05-07T19:17:27.154296,f64111c9c641,heartbeat,0.0,0.0
2026-05-07T19:17:29.490687,f64111c9c641,heartbeat,0.0,0.0
2026-05-07T19:17:31.699718,f64111c9c641,heartbeat,0.0,0.0
2026-05-07T19:17:33.914081,f64111c9c641,heartbeat,0.0,0.0
2026-05-07T19:17:36.189719,f64111c9c641,heartbeat,0.0,0.0
2026-05-07T19:17:38.399546,f64111c9c641,heartbeat,0.4,0.0
2026-05-07T19:17:40.641267,f64111c9c641,heartbeat,0.0,0.0
2026-05-07T19:17:42.845373,f64111c9c641,heartbeat,0.4,0.0
2026-05-07T19:17:45.048354,f64111c9c641,heartbeat,0.4,0.0
2026-05-07T19:17:47.291087,f64111c9c641,heartbeat,0.0,0.0
2026-05-07T19:17:49.545079,f64111c9c641,heartbeat,0.0,0.0
2026-05-07T19:17:51.867469,f64111c9c641,heartbeat,0.0,0.0
2026-05-07T19:17:54.069232,f64111c9c641,heartbeat,0.0,0.0
2026-05-07T19:17:56.299713,f64111c9c641,heartbeat,0.0,0.0
2026-05-07T19:17:58.540271,f64111c9c641,heartbeat,0.0,0.0
2026-05-07T19:18:00.801295,f64111c9c641,heartbeat,0.0,0.0
2026-05-07T19:18:03.017554,f64111c9c641,heartbeat,0.0,0.0
2026-05-07T19:18:05.219290,f64111c9c641,heartbeat,0.0,0.0
2026-05-07T19:18:07.448848,f64111c9c641,heartbeat,0.0,0.0
2026-05-07T19:18:09.768452,f64111c9c641,heartbeat,0.0,0.0
2026-05-07T19:18:11.969406,f64111c9c641,heartbeat,5.8,0.0
2026-05-07T19:18:14.187359,f64111c9c641,heartbeat,0.0,0.0
2026-05-07T19:18:16.394846,f64111c9c641,heartbeat,0.0,0.0
2026-05-07T19:18:18.636638,f64111c9c641,heartbeat,0.0,0.0
2026-05-07T19:18:20.891451,f64111c9c641,heartbeat,0.0,0.0
2026-05-07T19:18:23.101474,f64111c9c641,heartbeat,0.0,0.0
2026-05-07T19:18:25.316534,f64111c9c641,heartbeat,0.0,0.0
2026-05-07T19:18:27.568544,f64111c9c641,heartbeat,0.0,0.0
2026-05-07T19:18:29.781548,f64111c9c641,heartbeat,0.0,0.0
2026-05-07T19:18:32.061711,f64111c9c641,heartbeat,0.0,0.0
2026-05-07T19:18:34.302634,f64111c9c641,heartbeat,0.4,0.0
2026-05-07T19:18:36.649219,f64111c9c641,heartbeat,0.0,0.0
2026-05-07T19:18:38.923675,f64111c9c641,heartbeat,0.0,0.0
2026-05-07T19:18:41.259955,f64111c9c641,heartbeat,0.0,0.0
2026-05-07T19:18:43.250680,f64111c9c641,4aaafdf5-bad6-446e-8221-19ef4b6f73d7,0.8,0.0
2026-05-07T19:18:43.544995,f64111c9c641,heartbeat,0.0,0.0
2026-05-07T19:18:45.804366,f64111c9c641,heartbeat,0.8,0.0
2026-05-07T19:18:47.844571,f64111c9c641,92ca9b69-dd1d-4dd2-88a7-837bc9d75ca8,0.0,0.0
2026-05-07T19:18:48.108428,f64111c9c641,heartbeat,0.4,0.0
2026-05-07T19:18:48.893079,f64111c9c641,6e5be544-d692-430c-a813-c1ea325e3d97,0.0,0.0
2026-05-07T19:18:50.344188,f64111c9c641,heartbeat,0.0,0.0
2026-05-07T19:18:51.243832,f64111c9c641,8caa6765-5c7b-43a5-a378-a0b9dd607ba3,0.0,0.0
2026-05-07T19:18:52.079605,f64111c9c641,92f3080b-0f77-4999-a3b5-11e7b5a71b34,0.0,0.0
2026-05-07T19:18:52.551840,f64111c9c641,heartbeat,0.4,0.0
2026-05-07T19:18:54.316601,f64111c9c641,8a8a60bb-0ebb-47ee-9eb5-7d62ccbbd5fe,0.0,0.0
2026-05-07T19:18:54.842131,f64111c9c641,heartbeat,1.2,0.0
2026-05-07T19:18:55.610929,f64111c9c641,5fe92aee-6a4b-49f0-afa6-67ab11697913,0.4,0.0
2026-05-07T19:18:57.099183,f64111c9c641,heartbeat,0.0,0.0
2026-05-07T19:18:58.041940,f64111c9c641,91a36886-feb0-4ee6-be68-fa8d7bd686b0,0.0,0.0
2026-05-07T19:18:59.115483,f64111c9c641,455d41b5-e2bf-4a65-9dcb-310770f759b8,0.4,0.0
2026-05-07T19:18:59.332454,f64111c9c641,heartbeat,0.4,0.0
2026-05-07T19:18:59.897562,f64111c9c641,50007afb-1f44-42a6-b568-262710c95ab4,0.0,0.0
2026-05-07T19:19:00.782992,f64111c9c641,ce2b3481-2a46-47cf-83a4-3ec8ce4f307c,0.0,0.0
2026-05-07T19:19:01.629790,f64111c9c641,heartbeat,0.0,0.0
2026-05-07T19:19:01.629999,f64111c9c641,a2c302ee-9ec3-49e6-8b77-434be538d531,0.0,0.0
2026-05-07T19:19:03.173915,f64111c9c641,7cf7ddb1-fea0-4932-b538-a70c5920899c,0.0,0.0
2026-05-07T19:19:03.932085,f64111c9c641,heartbeat,0.0,0.0
2026-05-07T19:19:04.089129,f64111c9c641,1ac7b551-c586-4874-82f5-6a1683c2b0c4,0.0,0.0
2026-05-07T19:19:05.072228,f64111c9c641,6b217f63-acf9-4cc8-94e6-3e57a9311f14,0.0,0.0
2026-05-07T19:19:05.877534,f64111c9c641,783642d1-34c0-4959-83a7-9966431c668f,0.0,0.0
2026-05-07T19:19:06.199758,f64111c9c641,heartbeat,0.0,0.0
2026-05-07T19:19:07.402632,f64111c9c641,d10e60b9-e328-45f6-b388-a01d6967242f,0.0,0.0
2026-05-07T19:19:08.475637,f64111c9c641,heartbeat,0.0,0.0
2026-05-07T19:19:08.818045,f64111c9c641,0d990950-1c88-4364-b103-5472af58c737,0.0,0.0
2026-05-07T19:19:10.509806,f64111c9c641,8bfe2874-cd57-43d3-bed4-6cece5e4d707,0.0,0.0
2026-05-07T19:19:10.745355,f64111c9c641,heartbeat,0.0,0.0
2026-05-07T19:19:12.976075,f64111c9c641,heartbeat,0.4,0.0
2026-05-07T19:19:15.196610,f64111c9c641,heartbeat,0.0,0.0
2026-05-07T19:19:17.447980,f64111c9c641,heartbeat,0.0,0.0
2026-05-07T19:19:19.654772,f64111c9c641,heartbeat,0.4,0.0
2026-05-07T19:19:22.126462,f64111c9c641,heartbeat,0.0,0.0
2026-05-07T19:19:24.380789,f64111c9c641,heartbeat,0.0,0.0
2026-05-07T19:19:26.587789,f64111c9c641,heartbeat,0.0,0.0
2026-05-07T19:19:28.865727,f64111c9c641,heartbeat,0.0,0.0
2026-05-07T19:19:31.073119,f64111c9c641,heartbeat,0.0,0.0
2026-05-07T19:19:33.284362,f64111c9c641,heartbeat,0.0,0.0
2026-05-07T19:19:35.490874,f64111c9c641,heartbeat,0.0,0.0
2026-05-07T19:19:37.775724,f64111c9c641,heartbeat,0.0,0.0
2026-05-07T19:19:39.975764,f64111c9c641,heartbeat,0.0,0.0
2026-05-07T19:19:42.236338,f64111c9c641,heartbeat,0.4,0.0
2026-05-07T19:19:44.465595,f64111c9c641,heartbeat,0.0,0.0
2026-05-07T19:19:46.671347,f64111c9c641,heartbeat,0.8,0.0
2026-05-07T19:19:48.901508,f64111c9c641,heartbeat,0.0,0.0
2026-05-07T19:19:50.394704,f64111c9c641,7c1c61d8-5edb-49e4-b7ef-50ee68dadd66,0.0,0.0
2026-05-07T19:19:51.102957,f64111c9c641,heartbeat,0.4,0.0
2026-05-07T19:19:52.785158,f64111c9c641,4aaafdf5-bad6-446e-8221-19ef4b6f73d7,0.0,0.0
2026-05-07T19:19:53.345557,f64111c9c641,heartbeat,0.4,0.0
2026-05-07T19:19:53.565463,f64111c9c641,fecb727f-9b85-4b13-bdda-40051db12e76,0.0,0.0
2026-05-07T19:19:54.289101,f64111c9c641,174ed5d5-6107-400c-9e1f-3c1ae4c6fd24,0.0,0.0
2026-05-07T19:19:55.646179,f64111c9c641,heartbeat,0.4,0.0
2026-05-07T19:19:55.659808,f64111c9c641,6e5be544-d692-430c-a813-c1ea325e3d97,0.4,0.0
2026-05-07T19:19:57.099973,f64111c9c641,71f1a4ec-ac8d-43b8-956f-a967243e11fc,0.0,0.0
2026-05-07T19:19:57.883434,f64111c9c641,heartbeat,0.0,0.0
2026-05-07T19:19:57.892969,f64111c9c641,92f3080b-0f77-4999-a3b5-11e7b5a71b34,0.0,0.0
2026-05-07T19:19:59.651712,f64111c9c641,95461017-890a-421f-b75a-e4b0b15fd0df,0.0,0.0
2026-05-07T19:20:00.152016,f64111c9c641,heartbeat,0.0,0.0
2026-05-07T19:20:00.655755,f64111c9c641,8daaa6da-9d46-4913-9632-e869d0338e2b,0.0,0.0
2026-05-07T19:20:02.467311,f64111c9c641,3f642db3-a160-4e60-af74-c548c8900fb4,0.0,0.0
2026-05-07T19:20:02.708658,f64111c9c641,heartbeat,0.4,0.0
2026-05-07T19:20:03.463340,f64111c9c641,219a5f12-ff32-4051-b7a2-84a952695150,0.0,0.0
2026-05-07T19:20:04.581559,f64111c9c641,e00b26e5-8eb0-4d59-aabc-f9de55b7c490,0.0,0.0
2026-05-07T19:20:05.159274,f64111c9c641,heartbeat,0.0,0.0
2026-05-07T19:20:05.514978,f64111c9c641,81d1c635-fe8e-4553-9ea3-6f0e9b30621f,0.0,0.0
2026-05-07T19:20:07.373894,f64111c9c641,heartbeat,0.4,0.0
2026-05-07T19:20:07.576160,f64111c9c641,91a36886-feb0-4ee6-be68-fa8d7bd686b0,0.0,0.0
2026-05-07T19:20:08.560644,f64111c9c641,936d9a33-ec13-4bc8-b03d-db3e553b7462,0.0,0.0
2026-05-07T19:20:09.787016,f64111c9c641,heartbeat,0.0,0.0
2026-05-07T19:20:10.299743,f64111c9c641,af6dd783-c517-4f01-9934-284da4488d69,0.4,0.0
2026-05-07T19:20:11.990103,f64111c9c641,heartbeat,6.3,0.0
2026-05-07T19:20:14.192294,f64111c9c641,heartbeat,0.0,0.0
2026-05-07T19:20:16.395869,f64111c9c641,heartbeat,0.0,0.0
2026-05-07T19:20:18.668726,f64111c9c641,heartbeat,0.0,0.0
2026-05-07T19:20:20.867069,f64111c9c641,heartbeat,0.0,0.0
2026-05-07T19:20:23.096305,f64111c9c641,heartbeat,0.0,0.0
2026-05-07T19:20:25.298291,f64111c9c641,heartbeat,0.0,0.0
2026-05-07T19:20:27.545021,f64111c9c641,heartbeat,0.0,0.0
2026-05-07T19:20:29.769055,f64111c9c641,heartbeat,0.0,0.0
2026-05-07T19:20:31.970140,f64111c9c641,heartbeat,0.0,0.0
2026-05-07T19:20:34.218651,f64111c9c641,heartbeat,0.0,0.0
2026-05-07T19:20:36.539202,f64111c9c641,heartbeat,0.0,0.0
2026-05-07T19:20:38.742329,f64111c9c641,heartbeat,0.0,0.0
2026-05-07T19:20:40.974878,f64111c9c641,heartbeat,0.4,0.0
2026-05-07T19:20:43.200615,f64111c9c641,heartbeat,0.0,0.0
2026-05-07T19:20:45.408801,f64111c9c641,heartbeat,0.0,0.0
2026-05-07T19:20:47.651105,f64111c9c641,heartbeat,0.0,0.0
2026-05-07T19:20:49.905366,f64111c9c641,heartbeat,0.0,0.0
2026-05-07T19:20:50.707310,f64111c9c641,67304cfd-b094-46cd-89c6-3550f0da1fff,0.0,0.0
2026-05-07T19:20:52.255984,f64111c9c641,heartbeat,0.4,0.0
2026-05-07T19:20:53.561281,f64111c9c641,28adbe95-0a97-47c7-b3ee-38f69d380808,0.0,0.0
2026-05-07T19:20:54.471772,f64111c9c641,heartbeat,0.4,0.0
2026-05-07T19:20:54.759460,f64111c9c641,2dc7e6f4-aa0b-4da7-a775-d4457786dbd4,0.4,0.0
2026-05-07T19:20:55.517876,f64111c9c641,c39e2c6f-3a67-4c98-901e-feffd2150f70,0.4,0.0
2026-05-07T19:20:56.698240,f64111c9c641,heartbeat,0.4,0.0
2026-05-07T19:20:57.322579,f64111c9c641,9adcd6ca-27ae-42a7-a013-9dfff7c06392,0.0,0.0
2026-05-07T19:20:58.915855,f64111c9c641,heartbeat,0.0,0.0
2026-05-07T19:20:59.720159,f64111c9c641,1c428eca-82a4-4046-b767-da331b0a0eaf,0.0,0.0
2026-05-07T19:21:00.431574,f64111c9c641,81a56a25-2637-415d-ac68-7bc854b11178,0.0,0.0
2026-05-07T19:21:01.157553,f64111c9c641,heartbeat,0.0,0.0
2026-05-07T19:21:02.932569,f64111c9c641,e78b3a7d-bc73-4eea-8a0d-0a6cdcf402aa,0.0,0.0
2026-05-07T19:21:03.417836,f64111c9c641,heartbeat,0.4,0.0
2026-05-07T19:21:03.973550,f64111c9c641,60397081-6b1b-4005-acc5-73dedad72559,0.0,0.0
2026-05-07T19:21:05.643380,f64111c9c641,heartbeat,0.0,0.0
2026-05-07T19:21:05.851859,f64111c9c641,c1807ad2-1fee-49a5-81e6-ffa15429730e,0.8,0.0
2026-05-07T19:21:06.735215,f64111c9c641,4ca669fb-4268-4023-9adf-34f2d653204c,0.0,0.0
2026-05-07T19:21:07.670486,f64111c9c641,8bfe2874-cd57-43d3-bed4-6cece5e4d707,0.4,0.0
2026-05-07T19:21:07.845689,f64111c9c641,heartbeat,0.8,0.0
2026-05-07T19:21:08.523466,f64111c9c641,c297b02a-201c-467e-95f4-83fd26f090a9,0.0,0.0
2026-05-07T19:21:10.144637,f64111c9c641,c2150344-7a95-4799-bb9f-4f391162567e,0.0,0.0
2026-05-07T19:21:10.146224,f64111c9c641,heartbeat,0.4,0.0
2026-05-07T19:21:11.144098,f64111c9c641,e179d8ea-29f6-49f9-9fa1-338422474b91,0.4,0.0
2026-05-07T19:21:12.303014,f64111c9c641,14f740a9-e1b5-4f71-b064-24d69392f775,0.0,0.0
2026-05-07T19:21:12.354160,f64111c9c641,heartbeat,0.0,0.0
2026-05-07T19:21:14.506734,f64111c9c641,61637bb0-f2a1-4b0f-afd7-0c396f62b587,0.0,0.0
2026-05-07T19:21:14.573562,f64111c9c641,heartbeat,0.4,0.0
2026-05-07T19:21:15.590512,f64111c9c641,fad1bf61-0d23-4b22-9c87-6031aab2b62e,0.4,0.0
2026-05-07T19:21:16.516188,f64111c9c641,d3f2039e-1233-427b-83d4-8e38a2d180fb,0.0,0.0
2026-05-07T19:21:16.813155,f64111c9c641,heartbeat,0.0,0.0
2026-05-07T19:21:17.934149,f64111c9c641,84cb2b71-8b98-4faa-b750-9c63668ac2a8,0.8,0.0
2026-05-07T19:21:18.763389,f64111c9c641,5fe92aee-6a4b-49f0-afa6-67ab11697913,0.4,0.0
2026-05-07T19:21:19.023114,f64111c9c641,heartbeat,0.0,0.0
2026-05-07T19:21:21.252916,f64111c9c641,heartbeat,0.0,0.0
2026-05-07T19:21:23.478585,f64111c9c641,heartbeat,0.0,0.0
2026-05-07T19:21:25.792689,f64111c9c641,heartbeat,0.0,0.0
2026-05-07T19:21:28.008176,f64111c9c641,heartbeat,0.0,0.0
2026-05-07T19:21:30.252766,f64111c9c641,heartbeat,0.0,0.0
2026-05-07T19:21:32.498079,f64111c9c641,heartbeat,0.0,0.0
2026-05-07T19:21:34.756073,f64111c9c641,heartbeat,0.0,0.0
2026-05-07T19:21:36.990845,f64111c9c641,heartbeat,0.0,0.0
2026-05-07T19:21:39.200857,f64111c9c641,heartbeat,0.4,0.0
2026-05-07T19:21:41.495969,f64111c9c641,heartbeat,0.0,0.0
2026-05-07T19:21:43.732462,f64111c9c641,heartbeat,0.4,0.0
2026-05-07T19:21:45.938528,f64111c9c641,heartbeat,0.8,0.0
2026-05-07T19:21:48.191436,f64111c9c641,heartbeat,0.0,0.0
2026-05-07T19:21:50.402520,f64111c9c641,heartbeat,0.0,0.0
2026-05-07T19:21:52.604990,f64111c9c641,heartbeat,0.0,0.0
2026-05-07T19:21:54.853821,f64111c9c641,heartbeat,0.0,0.0
2026-05-07T19:21:57.085334,f64111c9c641,heartbeat,0.0,0.0
2026-05-07T19:21:59.394160,f64111c9c641,heartbeat,0.0,0.0
2026-05-07T19:22:01.500062,f64111c9c641,5272658a-fede-4170-b232-5eb58273ea1b,0.0,0.0
2026-05-07T19:22:01.700797,f64111c9c641,heartbeat,0.0,0.0
2026-05-07T19:22:03.919718,f64111c9c641,heartbeat,1.3,0.0
2026-05-07T19:22:04.182749,f64111c9c641,32ecdaf0-2a7c-4bed-8e0e-d5a43242b1df,0.0,0.0
2026-05-07T19:22:06.124620,f64111c9c641,heartbeat,0.0,0.0
2026-05-07T19:22:08.324442,f64111c9c641,heartbeat,0.4,0.0
2026-05-07T19:22:10.528000,f64111c9c641,heartbeat,0.0,0.0
2026-05-07T19:22:12.747631,f64111c9c641,heartbeat,0.0,0.0
2026-05-07T19:22:15.044592,f64111c9c641,heartbeat,0.0,0.0
2026-05-07T19:22:17.286549,f64111c9c641,heartbeat,0.0,0.0
2026-05-07T19:22:19.491691,f64111c9c641,heartbeat,0.0,0.0
2026-05-07T19:22:21.763987,f64111c9c641,heartbeat,0.0,0.0
2026-05-07T19:22:23.976307,f64111c9c641,heartbeat,5.8,0.0
2026-05-07T19:22:26.190877,f64111c9c641,heartbeat,0.0,0.0
2026-05-07T19:22:28.396114,f64111c9c641,heartbeat,0.0,0.0
2026-05-07T19:22:30.624309,f64111c9c641,heartbeat,0.0,0.0
2026-05-07T19:22:32.935099,f64111c9c641,heartbeat,0.0,0.0
2026-05-07T19:22:35.137845,f64111c9c641,heartbeat,0.0,0.0
2026-05-07T19:22:37.344167,f64111c9c641,heartbeat,0.0,0.0
2026-05-07T19:22:39.586285,f64111c9c641,heartbeat,0.0,0.0
2026-05-07T19:22:41.804708,f64111c9c641,heartbeat,0.4,0.0
2026-05-07T19:22:44.007119,f64111c9c641,heartbeat,1.7,0.0
2026-05-07T19:22:46.010307,f64111c9c641,a6335109-f312-4745-bcf2-1b96d71b8a83,1.2,0.0
2026-05-07T19:22:46.214709,f64111c9c641,heartbeat,0.0,0.0
2026-05-07T19:22:46.893477,f64111c9c641,2dc7e6f4-aa0b-4da7-a775-d4457786dbd4,0.4,0.0
2026-05-07T19:22:48.461558,f64111c9c641,heartbeat,0.0,0.0
2026-05-07T19:22:50.809807,f64111c9c641,heartbeat,0.0,0.0
2026-05-07T19:22:53.015481,f64111c9c641,heartbeat,0.0,0.0
2026-05-07T19:22:55.225969,f64111c9c641,heartbeat,0.0,0.0
2026-05-07T19:22:57.459462,f64111c9c641,heartbeat,0.0,0.0
2026-05-07T19:22:59.660028,f64111c9c641,heartbeat,0.0,0.0
2026-05-07T19:23:01.860429,f64111c9c641,heartbeat,0.0,0.0
2026-05-07T19:23:04.156529,f64111c9c641,heartbeat,0.0,0.0
2026-05-07T19:23:06.474250,f64111c9c641,heartbeat,0.0,0.0
2026-05-07T19:23:08.783520,f64111c9c641,heartbeat,0.0,0.0
2026-05-07T19:23:10.989601,f64111c9c641,heartbeat,0.4,0.0
2026-05-07T19:23:13.195494,f64111c9c641,heartbeat,0.0,0.0
2026-05-07T19:23:15.566215,f64111c9c641,heartbeat,0.0,0.0
2026-05-07T19:23:17.790872,f64111c9c641,heartbeat,0.0,0.0
2026-05-07T19:23:20.406774,f64111c9c641,heartbeat,0.0,0.0
2026-05-07T19:23:22.646388,f64111c9c641,heartbeat,0.4,0.0
2026-05-07T19:23:24.853140,f64111c9c641,heartbeat,0.0,0.0
2026-05-07T19:23:27.069909,f64111c9c641,heartbeat,0.0,0.0
2026-05-07T19:23:29.272369,f64111c9c641,heartbeat,0.0,0.0
2026-05-07T19:23:31.490178,f64111c9c641,heartbeat,0.0,0.0
2026-05-07T19:23:32.498931,f64111c9c641,47aa60e5-322c-4c5e-882e-962094e23152,0.0,0.0
2026-05-07T19:23:33.523980,f64111c9c641,81a56a25-2637-415d-ac68-7bc854b11178,0.0,0.0
2026-05-07T19:23:33.783584,f64111c9c641,heartbeat,0.4,0.0
2026-05-07T19:23:34.337923,f64111c9c641,e78b3a7d-bc73-4eea-8a0d-0a6cdcf402aa,0.4,0.0
2026-05-07T19:23:35.822640,f64111c9c641,4ca669fb-4268-4023-9adf-34f2d653204c,0.4,0.0
2026-05-07T19:23:36.077902,f64111c9c641,heartbeat,0.4,0.0
2026-05-07T19:23:38.272062,f64111c9c641,c297b02a-201c-467e-95f4-83fd26f090a9,0.0,0.0
2026-05-07T19:23:38.284725,f64111c9c641,heartbeat,0.4,0.0
2026-05-07T19:23:39.340401,f64111c9c641,405c5806-c626-4afb-be98-c8529bbae0e0,0.4,0.0
2026-05-07T19:23:40.494272,f64111c9c641,heartbeat,0.4,0.0
2026-05-07T19:23:40.602865,f64111c9c641,e179d8ea-29f6-49f9-9fa1-338422474b91,0.0,0.0
2026-05-07T19:23:41.503568,f64111c9c641,0abe0075-755c-433e-bbd0-7f6a80881646,0.0,0.0
2026-05-07T19:23:42.717438,f64111c9c641,heartbeat,0.4,0.0
2026-05-07T19:23:43.354794,f64111c9c641,a6135cfb-a8da-43b0-b3ec-a4bd3b633b9d,0.0,0.0
2026-05-07T19:23:44.219604,f64111c9c641,a6d511f0-396a-4f82-b6c7-7c02c23e7cbf,0.8,0.0
2026-05-07T19:23:44.919352,f64111c9c641,heartbeat,0.0,0.0
2026-05-07T19:23:45.074415,f64111c9c641,ea33b1a2-9626-44bc-a916-cbe2f9873ab5,0.8,0.0
2026-05-07T19:23:45.828682,f64111c9c641,a9452ff1-2bfe-4d43-ab36-2b3696b341f2,0.0,0.0
2026-05-07T19:23:46.829501,f64111c9c641,df561f4e-d83f-48d3-9626-fae3a96ab766,0.0,0.0
2026-05-07T19:23:47.220513,f64111c9c641,heartbeat,0.4,0.0
2026-05-07T19:23:49.102113,f64111c9c641,936d9a33-ec13-4bc8-b03d-db3e553b7462,0.0,0.0
2026-05-07T19:23:49.533202,f64111c9c641,heartbeat,0.8,0.0
2026-05-07T19:23:49.889380,f64111c9c641,1ac7b551-c586-4874-82f5-6a1683c2b0c4,0.4,0.0
2026-05-07T19:23:51.670750,f64111c9c641,3df9e74d-a56f-4046-89d7-ff7c7bcd4a70,0.0,0.0
2026-05-07T19:23:51.748770,f64111c9c641,heartbeat,0.0,0.0
2026-05-07T19:23:53.953685,f64111c9c641,heartbeat,0.0,0.0
2026-05-07T19:23:56.165049,f64111c9c641,heartbeat,0.4,0.0
2026-05-07T19:23:58.402554,f64111c9c641,heartbeat,0.0,0.0
2026-05-07T19:24:00.668816,f64111c9c641,heartbeat,0.0,0.0
2026-05-07T19:24:02.872624,f64111c9c641,heartbeat,0.0,0.0
2026-05-07T19:24:05.243043,f64111c9c641,heartbeat,0.0,0.0
2026-05-07T19:24:07.459303,f64111c9c641,heartbeat,0.4,0.0
2026-05-07T19:24:09.686446,f64111c9c641,heartbeat,0.0,0.0
2026-05-07T19:24:11.897364,f64111c9c641,heartbeat,0.4,0.0
2026-05-07T19:24:14.118680,f64111c9c641,heartbeat,5.4,0.0
2026-05-07T19:24:16.375319,f64111c9c641,heartbeat,0.4,0.0
2026-05-07T19:24:18.602927,f64111c9c641,heartbeat,0.0,0.0
2026-05-07T19:24:20.974327,f64111c9c641,heartbeat,0.0,0.0
2026-05-07T19:24:23.204775,f64111c9c641,heartbeat,0.0,0.0
2026-05-07T19:24:25.406447,f64111c9c641,heartbeat,0.0,0.0
2026-05-07T19:24:27.668749,f64111c9c641,heartbeat,0.0,0.0
2026-05-07T19:24:30.318681,f64111c9c641,heartbeat,0.4,0.0
2026-05-07T19:24:32.535155,f64111c9c641,heartbeat,0.4,0.0
2026-05-07T19:24:34.795350,f64111c9c641,heartbeat,0.4,0.0
2026-05-07T19:24:35.141703,f64111c9c641,4ca669fb-4268-4023-9adf-34f2d653204c,0.8,0.0
2026-05-07T19:24:36.104938,f64111c9c641,e84f8424-4b11-437c-998a-9b98aa8cea7e,0.4,0.0
2026-05-07T19:24:37.064480,f64111c9c641,heartbeat,0.4,0.0
2026-05-07T19:24:37.138019,f64111c9c641,bda6e297-5a38-42bc-86fa-872f325a46dd,0.4,0.0
2026-05-07T19:24:38.256591,f64111c9c641,7c1c61d8-5edb-49e4-b7ef-50ee68dadd66,0.0,0.0
2026-05-07T19:24:39.239446,f64111c9c641,9764a9c4-4896-45a7-b4e5-9168a58cc410,0.0,0.0
2026-05-07T19:24:39.308598,f64111c9c641,heartbeat,0.0,0.0
2026-05-07T19:24:41.262580,f64111c9c641,81d1c635-fe8e-4553-9ea3-6f0e9b30621f,0.4,0.0
2026-05-07T19:24:41.570968,f64111c9c641,heartbeat,0.0,0.0
2026-05-07T19:24:42.314213,f64111c9c641,df561f4e-d83f-48d3-9626-fae3a96ab766,0.0,0.0
2026-05-07T19:24:43.119498,f64111c9c641,3fae89b2-a196-4a22-a012-ade044b8f9c8,0.4,0.0
2026-05-07T19:24:43.793810,f64111c9c641,heartbeat,0.0,0.0
2026-05-07T19:24:44.022829,f64111c9c641,48a965f8-4baf-450b-b6d0-76dee3259511,0.4,0.0
2026-05-07T19:24:45.526906,f64111c9c641,2dc7e6f4-aa0b-4da7-a775-d4457786dbd4,0.4,0.0
2026-05-07T19:24:46.160738,f64111c9c641,heartbeat,0.0,0.0
2026-05-07T19:24:47.099539,f64111c9c641,b666f885-5a15-449a-a9c7-793c8748f719,0.4,0.0
2026-05-07T19:24:47.840812,f64111c9c641,7443088e-edb1-4494-8b78-24de7d99b49c,0.8,0.0
2026-05-07T19:24:48.422911,f64111c9c641,heartbeat,0.4,0.0
2026-05-07T19:24:48.990884,f64111c9c641,e84f8424-4b11-437c-998a-9b98aa8cea7e,0.0,0.0
2026-05-07T19:24:50.688567,f64111c9c641,heartbeat,0.4,0.0
2026-05-07T19:24:50.750964,f64111c9c641,9764a9c4-4896-45a7-b4e5-9168a58cc410,0.4,0.0
2026-05-07T19:24:51.843416,f64111c9c641,48a965f8-4baf-450b-b6d0-76dee3259511,0.4,0.0
2026-05-07T19:24:52.899540,f64111c9c641,heartbeat,0.0,0.0
2026-05-07T19:24:53.269354,f64111c9c641,7443088e-edb1-4494-8b78-24de7d99b49c,0.4,0.0
2026-05-07T19:24:54.881144,f64111c9c641,ea2b0251-1831-4544-83fc-079984e23868,0.0,0.0
2026-05-07T19:24:55.116853,f64111c9c641,heartbeat,0.8,0.0
2026-05-07T19:24:57.387314,f64111c9c641,4fb10268-878e-4582-bd50-eb2c5f3b6bbd,0.0,0.0
2026-05-07T19:24:57.388896,f64111c9c641,heartbeat,0.0,0.0
2026-05-07T19:24:58.920396,f64111c9c641,3f3056b5-dc08-4473-ad42-4afc15e49886,0.0,0.0
2026-05-07T19:24:59.717415,f64111c9c641,heartbeat,0.0,0.0
2026-05-07T19:25:02.009654,f64111c9c641,heartbeat,0.0,0.0
2026-05-07T19:25:04.240017,f64111c9c641,heartbeat,0.8,0.0
2026-05-07T19:25:06.500101,f64111c9c641,heartbeat,0.0,0.0
2026-05-07T19:25:08.768906,f64111c9c641,heartbeat,0.0,0.0
2026-05-07T19:25:10.984544,f64111c9c641,heartbeat,0.8,0.0
2026-05-07T19:25:13.186755,f64111c9c641,heartbeat,0.4,0.0
2026-05-07T19:25:15.512139,f64111c9c641,heartbeat,0.0,0.0
2026-05-07T19:25:17.776086,f64111c9c641,heartbeat,0.0,0.0
2026-05-07T19:25:19.983449,f64111c9c641,heartbeat,0.0,0.0
2026-05-07T19:25:22.246400,f64111c9c641,heartbeat,0.0,0.0
2026-05-07T19:25:24.486198,f64111c9c641,heartbeat,0.0,0.0
2026-05-07T19:25:26.943371,f64111c9c641,heartbeat,0.0,0.0
2026-05-07T19:25:29.161298,f64111c9c641,heartbeat,0.0,0.0
2026-05-07T19:25:31.410198,f64111c9c641,heartbeat,0.0,0.0
2026-05-07T19:25:34.061280,f64111c9c641,heartbeat,0.0,0.0
2026-05-07T19:25:36.262428,f64111c9c641,heartbeat,0.8,0.0
2026-05-07T19:25:38.565783,f64111c9c641,heartbeat,0.0,0.0
2026-05-07T19:25:40.790195,f64111c9c641,heartbeat,0.0,0.0
2026-05-07T19:25:42.991988,f64111c9c641,heartbeat,0.0,0.0
2026-05-07T19:25:45.216521,f64111c9c641,heartbeat,0.0,0.0
2026-05-07T19:25:47.439393,f64111c9c641,heartbeat,0.0,0.0
2026-05-07T19:25:49.639169,f64111c9c641,heartbeat,0.0,0.0
2026-05-07T19:25:51.839437,f64111c9c641,heartbeat,0.0,0.0
2026-05-07T19:25:54.874763,f64111c9c641,heartbeat,0.0,0.0
2026-05-07T19:25:57.473570,f64111c9c641,heartbeat,0.0,0.0
2026-05-07T19:25:59.695587,f64111c9c641,heartbeat,0.0,0.0
2026-05-07T19:26:02.018491,f64111c9c641,heartbeat,0.0,0.0
2026-05-07T19:26:04.227009,f64111c9c641,heartbeat,4.1,0.0
2026-05-07T19:26:06.861584,f64111c9c641,heartbeat,0.0,0.0
2026-05-07T19:26:09.926192,f64111c9c641,heartbeat,0.0,0.0
2026-05-07T19:26:12.545513,f64111c9c641,heartbeat,0.0,0.0
2026-05-07T19:26:14.753742,f64111c9c641,heartbeat,0.0,0.0
2026-05-07T19:26:16.998673,f64111c9c641,heartbeat,0.0,0.0
2026-05-07T19:26:19.244714,f64111c9c641,heartbeat,0.0,0.0
2026-05-07T19:26:21.518409,f64111c9c641,heartbeat,0.4,0.0
2026-05-07T19:26:23.726425,f64111c9c641,heartbeat,0.4,0.0
2026-05-07T19:26:26.432459,f64111c9c641,heartbeat,0.0,0.0
2026-05-07T19:26:28.943271,f64111c9c641,heartbeat,0.0,0.0
2026-05-07T19:26:31.144374,f64111c9c641,heartbeat,0.0,0.0
2026-05-07T19:26:33.386550,f64111c9c641,heartbeat,0.4,0.0
2026-05-07T19:26:35.599443,f64111c9c641,heartbeat,0.0,0.0
2026-05-07T19:26:37.828671,f64111c9c641,heartbeat,0.0,0.0
2026-05-07T19:26:40.432908,f64111c9c641,heartbeat,0.0,0.0
2026-05-07T19:26:42.685601,f64111c9c641,heartbeat,0.0,0.0
2026-05-07T19:26:44.895337,f64111c9c641,heartbeat,0.0,0.0
2026-05-07T19:26:48.136201,f64111c9c641,heartbeat,0.0,0.0
2026-05-07T19:26:50.361337,f64111c9c641,heartbeat,0.0,0.0
2026-05-07T19:26:52.578878,f64111c9c641,heartbeat,0.0,0.0
2026-05-07T19:26:54.793951,f64111c9c641,heartbeat,0.0,0.0
2026-05-07T19:26:57.319073,f64111c9c641,heartbeat,0.0,0.0
2026-05-07T19:26:59.546259,f64111c9c641,heartbeat,0.0,0.0
2026-05-07T19:27:01.762059,f64111c9c641,heartbeat,0.0,0.0
2026-05-07T19:27:04.067012,f64111c9c641,heartbeat,0.0,0.0
2026-05-07T19:27:06.305589,f64111c9c641,heartbeat,0.4,0.0
2026-05-07T19:27:08.646072,f64111c9c641,heartbeat,0.0,0.0
2026-05-07T19:27:10.879433,f64111c9c641,heartbeat,0.0,0.0
2026-05-07T19:27:13.977717,f64111c9c641,heartbeat,0.0,0.0
2026-05-07T19:27:16.185230,f64111c9c641,heartbeat,0.0,0.0
2026-05-07T19:27:18.428955,f64111c9c641,heartbeat,0.0,0.0
2026-05-07T19:27:20.782240,f64111c9c641,heartbeat,0.4,0.0
2026-05-07T19:27:22.997731,f64111c9c641,heartbeat,0.0,0.0
